,receipts,deepform,invoices,nutrition,vrdu
receipts,0.7070120712190943,0.6150979226953287,0.49205647605576885,0.45596664929650865,0.5059071729957806
deepform,0.5410143715449999,0.905206826167838,0.489038189533239,0.5990099009900989,0.5555997588908982
invoices,0.6427323980348376,0.6398240491938818,0.519359971711457,0.5515893694632621,0.4303194695599759
nutrition,0.624435313925445,0.6033355725506407,0.5437840977975349,0.631578947368421,0.5880048221820373
vrdu,0.5468569796689478,0.6036908329888383,0.4875227318650232,0.7178217821782178,0.6026039783001809
